INSERT INTO categories(hide, created_at, parent_id, updated_at, icon_image_url, name)
VALUES (false, now(), null, now(), 'categories/icons/skincare.png', '스킨케어'),
       (false, now(), null, now(), 'categories/icons/mask-pack.png', '마스크팩'),
       (false, now(), null, now(), 'categories/icons/cleansing.png', '클렌징'),
       (false, now(), null, now(), 'categories/icons/sun-care.png', '선케어'),
       (false, now(), null, now(), 'categories/icons/makeup.png', '메이크업'),
       (false, now(), null, now(), 'categories/icons/nail.png', '네일'),
       (false, now(), null, now(), 'categories/icons/perfume.png', '향수');


INSERT INTO categories(hide, created_at, parent_id, updated_at, name)
VALUES (false, now(), 1, now(), '스킨케어'),
       (false, now(), 1, now(), '마스크팩'),
       (false, now(), 1, now(), '클렌징'),
       (false, now(), 1, now(), '선케어'),
       (false, now(), 1, now(), '메이크업'),
       (false, now(), 1, now(), '네일'),
       (false, now(), 1, now(), '향수');


INSERT INTO brands (name_ko, name_en, banner_image_url, created_at, updated_at)
VALUES ('메디힐', 'mediheal', 'brands/images/mediheal.png', NOW(), NOW()),
       ('토리든', 'Torriden', 'brands/images/Torriden.png', NOW(), NOW()),
       ('달바', 'dalba', 'brands/images/dalba.png', NOW(), NOW()),
       ('필리밀리', 'Fillimilli', 'brands/images/Fillimilli.png', NOW(), NOW()),
       ('닥터지', 'Dr.G', 'brands/images/Dr.G.png', NOW(), NOW()),
       ('라운드랩', 'Round Lab', 'brands/images/Round-Lab.png', NOW(), NOW()),
       ('어노브', 'UNOVE', 'brands/images/UNOVE.png', NOW(), NOW()),
       ('에스트라', 'aesura', 'brands/images/aesura.png', NOW(), NOW()),
       ('넘버즈인', 'NIMBUZIN', 'brands/images/NIMBUZIN.png', NOW(), NOW()),
       ('바이오더마', 'BIODERMA', 'brands/images/BIODERMA.png', NOW(), NOW());

-- 상품 데이터 삽입
INSERT INTO products (id, created_at, updated_at, brand_id, status, name, thumbnail_url, amount, discount_amount, quantity)
VALUES
    (1, NOW(), NOW(), 1, 'ON_SALE', '[1월올영픽/대용량200ml] 웰라쥬 리얼 히알루로닉 블루 100 앰플 100ml 리필 기획 (+마스크1매)', 'products/thumbnail/wellage.png', 33000, 6600, 1000),
    (2, NOW(), NOW(), 2, 'ON_SALE', '[4년 연속 수상]토리든 다이브인 세럼 50ml 트리플 어워즈 한정기획(+다이브인 크림 20ml+다이브인 패드 10매)', 'products/thumbnail/torridden-serum.png', 50000, 15000, 1000),
    (3, NOW(), NOW(), 3, 'ON_SALE', '[수분잠금/촘촘수분팩] 달바 너리싱 트리트먼트 마스크 5매', 'products/thumbnail/dalba-nourishing-treatment', 25000, 0, 1000),
    (4, NOW(), NOW(), 4, 'ON_SALE', '센카 퍼펙트 화이트 클레이 페이셜 클렌저 120g', 'products/thumbnail/senka.png', 15000, 5000, 500),
    (5, NOW(), NOW(), 5, 'ON_SALE', '메디힐 NMF 아쿠아링 앰플 마스크 EX (10매)', 'products/thumbnail/mediheal.png', 25000, 7000, 800),
    (6, NOW(), NOW(), 6, 'ON_SALE', '더페이스샵 닥터벨머 데일리 리페어 모이스처 크림 80ml', 'products/thumbnail/face_shop.png', 20000, 3000, 1000),
    (7, NOW(), NOW(), 7, 'ON_SALE', '이니스프리 그린티 씨드 세럼 80ml', 'products/thumbnail/innisfree.png', 29000, 0, 1000),
    (8, NOW(), NOW(), 8, 'ON_SALE', 'AHC 유스래스 리얼 아이크림 포 페이스 30ml', 'products/thumbnail/ahc.png', 30000, 10000, 1200),
    (9, NOW(), NOW(), 9, 'ON_SALE', '닥터지 레드 블레미쉬 클리어 수딩 크림 70ml', 'products/thumbnail/dr_g.png', 32000, 8000, 700),
    (10, NOW(), NOW(), 10, 'ON_SALE', '비타민C 세럼 15% 비타브리드 30ml', 'products/thumbnail/vitabrid.png', 45000, 1500, 300),
    (11, NOW(), NOW(), 11, 'ON_SALE', '라로슈포제 시카플라스트 밤 B5 40ml', 'products/thumbnail/laroche.png', 27000, 2000, 900),
    (12, NOW(), NOW(), 12, 'ON_SALE', '해피바스 에센스 바디워시 500ml', 'products/thumbnail/happybath.png', 10000, 500, 1000),
    (13, NOW(), NOW(), 13, 'ON_SALE', '에뛰드 하우스 픽스 앤 픽스 프라이머 30ml', 'products/thumbnail/etude.png', 15000, 3000, 400),
    (14, NOW(), NOW(), 14, 'ON_SALE', '네이처리퍼블릭 알로에 베라 92% 수딩젤 300ml', 'products/thumbnail/nature.png', 8000, 1000, 2000),
    (15, NOW(), NOW(), 15, 'ON_SALE', '스킨푸드 로열 허니 프로폴리스 에센스 50ml', 'products/thumbnail/skinfood.png', 25000, 4000, 600),
    (16, NOW(), NOW(), 16, 'ON_SALE', '올리브영 울트라 슬림 브로우 펜슬 0.08g', 'products/thumbnail/oliveyoung.png', 12000, 6000, 300),
    (17, NOW(), NOW(), 17, 'ON_SALE', '피지오겔 데일리 모이스쳐 테라피 페이셜 크림 50ml', 'products/thumbnail/physiogel.png', 20000, 2500, 500),
    (18, NOW(), NOW(), 18, 'ON_SALE', '바닐라코 클린잇 제로 클렌징 밤 100ml', 'products/thumbnail/banila.png', 19000, 0, 1200),
    (19, NOW(), NOW(), 19, 'ON_SALE', '아이소이 불가리안 로즈 블레미쉬 케어 세럼 35ml', 'products/thumbnail/isoi.png', 39000, 3000, 600),
    (20, NOW(), NOW(), 20, 'ON_SALE', '마몽드 모이스처 세라마이드 인텐스 크림 50ml', 'products/thumbnail/mamonde.png', 28000, 10000, 500);

-- 카테고리 상품
INSERT INTO category_products (created_at, updated_at, category_id, product_id)
VALUES
    (NOW(), NOW(), 1, 1),
    (NOW(), NOW(), 1, 2),
    (NOW(), NOW(), 2, 3),
    (NOW(), NOW(), 2, 4),
    (NOW(), NOW(), 3, 5),
    (NOW(), NOW(), 3, 6),
    (NOW(), NOW(), 4, 7),
    (NOW(), NOW(), 5, 8),
    (NOW(), NOW(), 2, 9),
    (NOW(), NOW(), 1, 10),
    (NOW(), NOW(), 5, 11),
    (NOW(), NOW(), 3, 12),
    (NOW(), NOW(), 6, 13),
    (NOW(), NOW(), 7, 14),
    (NOW(), NOW(), 4, 15),
    (NOW(), NOW(), 8, 16),
    (NOW(), NOW(), 2, 17),
    (NOW(), NOW(), 4, 18),
    (NOW(), NOW(), 5, 19),
    (NOW(), NOW(), 8, 20),
    (NOW(), NOW(), 2, 1),
    (NOW(), NOW(), 3, 2),
    (NOW(), NOW(), 4, 3),
    (NOW(), NOW(), 5, 4),
    (NOW(), NOW(), 6, 5),
    (NOW(), NOW(), 7, 6),
    (NOW(), NOW(), 8, 7),
    (NOW(), NOW(), 1, 8),
    (NOW(), NOW(), 4, 9),
    (NOW(), NOW(), 5, 10),
    (NOW(), NOW(), 6, 11),
    (NOW(), NOW(), 7, 12),
    (NOW(), NOW(), 8, 13),
    (NOW(), NOW(), 1, 14),
    (NOW(), NOW(), 2, 15),
    (NOW(), NOW(), 3, 16),
    (NOW(), NOW(), 4, 17),
    (NOW(), NOW(), 5, 18),
    (NOW(), NOW(), 6, 19),
    (NOW(), NOW(), 7, 20);

-- 배너 데이터 삽입
INSERT INTO product_banners (product_id, image_url)
VALUES (1, 'banner1.png'),
       (1, 'banner2.png'),
       (1, 'banner3.png'),
       (1, 'banner4.png'),
       (2, 'banner1.png'),
       (2, 'banner2.png'),
       (2, 'banner3.png'),
       (2, 'banner4.png'),
       (3, 'banner1.png'),
       (3, 'banner2.png'),
       (3, 'banner3.png'),
       (3, 'banner4.png'),
       (4, 'banner1.png'),
       (4, 'banner2.png'),
       (5, 'banner1.png'),
       (5, 'banner2.png'),
       (6, 'banner1.png'),
       (6, 'banner2.png'),
       (7, 'banner1.png'),
       (7, 'banner2.png'),
       (8, 'banner1.png'),
       (8, 'banner2.png'),
       (9, 'banner1.png'),
       (9, 'banner2.png'),
       (10, 'banner1.png'),
       (10, 'banner2.png'),
       (11, 'banner1.png'),
       (11, 'banner2.png'),
       (12, 'banner1.png'),
       (12, 'banner2.png'),
       (13, 'banner1.png'),
       (13, 'banner2.png'),
       (14, 'banner1.png'),
       (14, 'banner2.png'),
       (15, 'banner1.png'),
       (15, 'banner2.png'),
       (16, 'banner1.png'),
       (16, 'banner2.png'),
       (17, 'banner1.png'),
       (17, 'banner2.png'),
       (18, 'banner1.png'),
       (18, 'banner2.png'),
       (19, 'banner1.png'),
       (19, 'banner2.png'),
       (20, 'banner1.png'),
       (20, 'banner2.png');

-- 콘텐츠 데이터 삽입
INSERT INTO product_contents (product_id, image_url)
VALUES (1, 'content1.png'),
       (1, 'content2.png'),
       (1, 'content3.png'),
       (1, 'content4.png'),
       (1, 'content5.png'),
       (1, 'content6.png'),
       (1, 'content7.png'),
       (1, 'content8.png'),
       (1, 'content9.png'),
       (1, 'content10.png'),
       (2, 'content1.png'),
       (2, 'content2.png'),
       (2, 'content3.png'),
       (2, 'content4.png'),
       (2, 'content5.png'),
       (2, 'content6.png'),
       (2, 'content7.png'),
       (2, 'content8.png'),
       (2, 'content9.png'),
       (2, 'content10.png'),
       (3, 'content1.png'),
       (3, 'content2.png'),
       (3, 'content3.png'),
       (3, 'content4.png'),
       (3, 'content5.png'),
       (3, 'content6.png'),
       (4, 'content1.png'),
       (4, 'content2.png'),
       (4, 'content3.png'),
       (5, 'content1.png'),
       (5, 'content2.png'),
       (5, 'content3.png'),
       (6, 'content1.png'),
       (6, 'content2.png'),
       (6, 'content3.png'),
       (7, 'content1.png'),
       (7, 'content2.png'),
       (7, 'content3.png'),
       (8, 'content1.png'),
       (8, 'content2.png'),
       (8, 'content3.png'),
       (9, 'content1.png'),
       (9, 'content2.png'),
       (9, 'content3.png'),
       (10, 'content1.png'),
       (10, 'content2.png'),
       (10, 'content3.png'),
       (11, 'content1.png'),
       (11, 'content2.png'),
       (11, 'content3.png'),
       (12, 'content1.png'),
       (12, 'content2.png'),
       (12, 'content3.png'),
       (13, 'content1.png'),
       (13, 'content2.png'),
       (13, 'content3.png'),
       (14, 'content1.png'),
       (14, 'content2.png'),
       (14, 'content3.png'),
       (15, 'content1.png'),
       (15, 'content2.png'),
       (15, 'content3.png'),
       (16, 'content1.png'),
       (16, 'content2.png'),
       (16, 'content3.png'),
       (17, 'content1.png'),
       (17, 'content2.png'),
       (17, 'content3.png'),
       (18, 'content1.png'),
       (18, 'content2.png'),
       (18, 'content3.png'),
       (19, 'content1.png'),
       (19, 'content2.png'),
       (19, 'content3.png'),
       (20, 'content1.png'),
       (20, 'content2.png'),
       (20, 'content3.png');

INSERT INTO product_badges (product_id, title, bg_color, color)
VALUES (1, 'NEW', '#ADD8E6', '#000000'),
       (1, '추천', '#32CD32', '#FFFFFF'),
       (2, 'BEST', '#FF4500', '#FFFFFF'),
       (2, '인기', '#FFD700', '#000000'),
       (3, 'HOT', '#FF0000', '#FFFFFF'),
       (3, '세일', '#FF69B4', '#FFFFFF'),
       (4, '세일', '#FFC0CB', '#FFFFFF'),
       (5, 'BEST', '#FF0000', '#FFFFFF'),
       (6, '인기', '#FFA500', '#FFFFFF'),
       (7, '추천', '#008000', '#FFFFFF'),
       (8, 'NEW', '#0000FF', '#FFFFFF'),
       (9, '오늘드림', '#FFC0CB', '#DCDCDC'),
       (10, 'HOT', '#FFD700', '#000000'),
       (11, '할인', '#FF69B4', '#FFFFFF'),
       (12, '특가', '#8A2BE2', '#FFFFFF'),
       (13, '리미티드', '#00CED1', '#FFFFFF'),
       (14, '한정판', '#FF4500', '#FFFFFF'),
       (15, '신상', '#7FFF00', '#FFFFFF'),
       (16, 'BEST', '#FF6347', '#FFFFFF'),
       (17, '세일', '#6A5ACD', '#FFFFFF'),
       (18, '추천', '#32CD32', '#FFFFFF'),
       (19, '인기', '#8B0000', '#FFFFFF'),
       (20, 'NEW', '#20B2AA', '#FFFFFF'),
       (10, 'NEW', '#B0E0E6', '#000000'),
       (11, '추천', '#3CB371', '#FFFFFF'),
       (12, 'BEST', '#FF6347', '#FFFFFF'),
       (13, 'HOT', '#FF1493', '#FFFFFF'),
       (14, '세일', '#FFD700', '#000000'),
       (15, '오늘드림', '#FFB6C1', '#DCDCDC'),
       (16, '인기', '#ADFF2F', '#FFFFFF'),
       (17, '특가', '#8A2BE2', '#FFFFFF'),
       (18, '리미티드', '#D2691E', '#FFFFFF'),
       (19, '한정판', '#FF8C00', '#FFFFFF'),
       (20, '한정판', '#FF8C00', '#FFFFFF');
